vendor,address_line_1,address_line_2,city,state,zip,phone,email
ABSOLUTE STORAGE LLC,5806 E MINERAL ROAD,,GUADALUPE,AZ,85283-4304,480-768-1618,jennifer@absoluterv.com
ACE ROOF COATINGS INC,4821 GRISHAM DR,,ROWLETT,TX,75088-3950,972-864-0240,emendel@arccoat.com
ALPHA ROOFING SYSTEMS LLC,2358 PERIMETER PARK DR STE 370,,ATLANTA,GA,30341-1330,(404)357-5000,shawn@alphacommercialroofs.com
AMERICAN CLASSIC CONSTRUCTION INC.,21621 HEATHER LEE LN,,CHATSWORTH,CA,91311-1366,8187007550,mlubran@socal.rr.com
BEST CONTRACTING SERVICES INC.,19027 S HAMILTON AVE,,GARDENA,CA,90248-4408,310-328-6969,pbarnes@bestcontracting.com
BLUEFIN LLC,6312 S FIDDLERS GREEN CIR STE 10,,GREENWOOD VILLAGE,CO,80111-4927,7207496411,mengler@bluefinllc.com
ENFIELD ENTERPRISES LLC,30 MAGAZINER PL,,SPRINGFIELD,MA,01104-3328,413-788-2688,ndangelo@enfieldenterprisesinc.com
GANAHL LUMBER COMPANY,1220 E BALL RD,,ANAHEIM,CA,92805-5921,714-239-2289,johnlopez@ganahl.com
GARLAND CO INC,3800 E 91ST ST,,CLEVELAND,OH,44105-2103,2164303613,srojek@garlandind.com
GREENKOAT SOLUTIONS LLC,1040 S GAYLORD ST,STE 55,DENVER,CO,80209-4682,(720)254-5309,dkeys@flexrockcoatings.com
HARNESS ROOFING INC,415 S MAIN ST,,HARRISON,AR,72601-5505,501-604-7663,dwallin@harnessroofing.com
INTERIOR ALASKA ROOFING INC,3790 SCHACHT ST,,FAIRBANKS,AK,99701-7359,907-456-5545,jclark@usacom.org
K-CON INC.,6543 FAIN ST LOWR,,CHARLESTON,SC,29406-4909,8437450434,ellinr@kconinc.com
NATIONAL BUILDING CONTRACTORS INC.,2151 OLD COVINGTON HWY SW,,CONYERS,GA,30012-4952,(770) 860-1780,brittany@nbcworldwide.com
NUGENERATION TECHNOLOGIES LLC,1155 PARK AVE,,EMERYVILLE,CA,94608-3631,877-454-4472,snewton@dcciconsulting.com
PACIFIC TECH CONSTRUCTION INC,1302 WALNUT ST,,KELSO,WA,98626-2719,360-414-8084,doug@pactechgroup.com
R.M. WAITE CO. LLC,1407 OAKLAND BLVD #107,,WALNUT CREEK,CA,94596-4300,510-535-2585,sales@RMWAITE.COM
RESULTS SALES & SERVICE L L C,22031 US 19 N,,CLEARWATER,FL,33765-2362,727-483-0394,david.hahn@results-sales.com
ROOF TECHNOLOGY PARTNERS LLC,323 BELL PARK DR,,WOODSTOCK,GA,30188-1663,678-401-5200,scott@rooftechnologypartners.com
ROOFING RESOURCES INC,423 MCFARLAN RD,STE 100,KENNETT SQUARE,PA,19348-2487,(610) 558-4000,jcordrey@teamrri.com
TECTA AMERICA CORP.,9450 BRYN MAWR AVE STE 500,,ROSEMONT,IL,60018-5274,4109053669,jphillips@tectaamerica.com
ADSYNC TECHNOLOGIES INC.,201 S F ST,,PENSACOLA,FL,32502-4527,850-497-6969,aadkinson@adsync.com
AIR QUALITY INNOVATIVE SOLUTIONS LLC,7616 SOUTHLAND BLVD,STE 100,BELLE ISLE,FL,32809-6976,4079520672,jbeerensson@aquissolutions.com
EAST COAST REFINISHING AND SURFACE STRIPPING INC.,4 INDUSTRIAL DR,,PITTSFIELD,MA,01201-8236,413-445-7878,bmelle@eastcoast-refinishing.com
EXCET INC.,6225 BRANDON AVE,STE 360,SPRINGFIELD,VA,22150-2519,703-919-0953,rhallsworth@excetinc.com
J. GOODISON COMPANY,125 ZARBO AVE,,NORTH KINGSTOWN,RI,02852-7407,4016675938,walter@jgoodison.com
JAL ENTERPRISES INC.,502 ROTARY ST,,HAMPTON,VA,23661-1321,757-825-1400,jessica.staats@thesource2000.com
PROTECTIVE COATINGS INC.,4321 WEBSTER STREET,,DAYTON,OH,45414-4935,937-275-7711,kclebo@pci-corp.biz
SAVY & SONS LLC,612 CHURCH ST,,AMSTON,CT,06231-1631,(860)916-5401,tori@savyandsons.com
STRAUBE'S AIRCRAFT SERVICES HAWAII INC.,91-1095 MIDWAY RD,,KAPOLEI,HI,96707-2106,(808)682-2903,jim@airstraube.com
ABM FACILITY SUPPORT SERVICES LLC,6731 COLUMBIA GATEWAY DR STE 200,,COLUMBIA,MD,21046-2165,301-875-6670,andrew.sherman@abm.com
ADVANCED SECURITY CONTRACTORS INC,135 RIO WEST DR,,EL PASO,TX,79932-1834,915-845-0272,virginia@ascsecure.com
ADVANTOR SYSTEMS CORPORATION,12612 CHALLENGER PKWY,STE 300,ORLANDO,FL,32826-2784,407-926-6904,rivas@advantor.com
ALLCOM GLOBAL SERVICES INC.,201 STAG INDUSTRIAL BLVD,,LAKE SAINT LOUIS,MO,63367-4285,703-340-8518,sslagor@allcomgs.com
ALLIED MODULAR BUILDING SYSTEMS INC.,642 W NICOLAS AVE,,ORANGE,CA,92868-1316,800-665-9226,kpeithman@alliedmodular.com
ALUTIIQ INFORMATION MANAGEMENT LLC,3909 ARCTIC BLVD,STE 500,ANCHORAGE,AK,99503-5793,256-489-9306,egalloway@alutiiq.com
ANCHOR INNOVATION INC.,532 CENTRAL DR,,VIRGINIA BEACH,VA,23454-5227,757-962-9175 EXT 30,phoffman@anchori.com
APL ACCESS & SECURITY INC.,115 S WILLIAM DILLARD DR,,GILBERT,AZ,85233-5525,480.497.9471,enrique@aplsecurity.com
ARIES BUILDING SYSTEMS LLC,2900 S QUINCY ST,SUITE 425,ARLINGTON,VA,22206-2231,7038202900,fram@ariesbuildings.com
B W ELECTRIC INC.,4305 NORTHPARK DR,,COLORADO SPRINGS,CO,80907-4222,719-633-0718,gsasales@bwsystems.net
BAGLEY ENTERPRISES INC.,2370 MAGGIO CIR STE 4,,LODI,CA,95240-8828,877-833-4800,sales@bagleyenterprises.com
